"id","mp_name","party","rebellions","attended","possible","percent"
386,"Сергій Соболєв","ВО ""Батьківщина""",1353,8475,11746,16
735,"Олександра Кужель","ВО ""Батьківщина""",1824,8750,11746,21
793,"Юлій Іоффе","Опозиційний блок",1608,9096,11746,18
833,"Юхим Звягільський","Опозиційний блок",121,871,11746,14
862,"Віктор Пинзеник","Блок Петра Порошенка",6596,11441,11746,58
1351,"Іван Кириленко","ВО ""Батьківщина""",1211,9113,11746,13
1792,"Юлія Тимошенко","ВО ""Батьківщина""",908,5262,11746,17
1897,"Руслан Князевич","Блок Петра Порошенка",4094,11041,11746,37
2179,"Сергій Ларін","Опозиційний блок",1374,10606,11746,13
2262,"Анатолій Матвієнко","Блок Петра Порошенка",3502,9248,11746,38
2274,"Нестор Шуфрич","Опозиційний блок",858,6635,11746,13
2284,"Андрій Деркач","Позафракційні",3300,8449,11746,39
2301,"Костянтин Жеваго","Позафракційні",373,1020,11746,37
2308,"Віктор Развадовський","група ""Партія ""Відродження""",3134,9539,12697,33
2314,"Віктор Король","Блок Петра Порошенка",3529,10620,11746,33
2320,"Сергій Ківалов","Опозиційний блок",1511,7002,11746,22
2340,"Рефат Чубаров","Блок Петра Порошенка",3216,8846,10395,36
2356,"Сергій Матвієнков","Опозиційний блок",4361,9099,11746,48
2394,"Мустафа Джемілєв","Блок Петра Порошенка",2953,7451,11746,40
2524,"Олександр Абдуллін","ВО ""Батьківщина""",2042,7793,11746,26
3180,"Оксана Сироїд","Позафракційні",3388,9739,11746,35
3471,"Олександр Біловол","група ""Партія ""Відродження""",2244,7714,11783,29
3849,"Тетяна Донець","Народний фронт",1752,4150,11746,42
4339,"Антон Яценко","група ""Партія ""Відродження""",1300,9166,11783,14
4427,"Валерій Бабенко","Народний фронт",1026,10847,11746,9
4761,"Леонід Ємець","Народний фронт",2759,10156,11746,27
5142,"Валерій Карпунцов","Блок Петра Порошенка",1152,5296,6882,22
5380,"Юрій Павленко","Опозиційний блок",2690,9823,11746,27
5399,"Ігор Шкіря","група ""Партія ""Відродження""",772,7200,11783,11
5414,"Ігор Гринів","Блок Петра Порошенка",3070,9910,11746,31
5422,"Михайло Поплавський","група ""Воля народу""",948,5616,11746,17
5423,"Леонід Клімов","група ""Партія ""Відродження""",924,10033,11783,9
5464,"Михайло Папієв","Опозиційний блок",2131,10420,11746,20
5470,"Володимир Литвин","Позафракційні",4148,8958,11746,46
5486,"Борис Тарасюк","ВО ""Батьківщина""",1549,9690,11746,16
5500,"Едуард Матвійчук","Позафракційні",762,1490,11746,51
5503,"Оксана Білозір","Блок Петра Порошенка",1887,6155,6699,31
5504,"Олександр Третьяков","Блок Петра Порошенка",3352,11163,11746,30
5520,"Тетяна Бахтеєва","Опозиційний блок",1362,8846,11746,15
5541,"Дмитро Святаш","група ""Партія ""Відродження""",760,8386,11783,9
5542,"Олександр Фельдман","група ""Воля народу""",1262,3909,11746,32
5549,"Віталій Хомутиннік","група ""Партія ""Відродження""",611,9827,11783,6
5566,"Віктор Балога","Позафракційні",4448,9128,11746,49
5578,"Михайло Добкін","Опозиційний блок",1142,6974,11746,16
5582,"Петро Сабашук","Блок Петра Порошенка",1283,6337,11746,20
5606,"Анатолій Гіршфельд","група ""Воля народу""",1267,9220,11746,14
5785,"Андрій Шипко","група ""Партія ""Відродження""",1454,7906,11783,18
6073,"Іван Крулько","ВО ""Батьківщина""",2082,9100,11746,23
6130,"Олександр Дехтярчук","Блок Петра Порошенка",3052,11534,11746,26
6201,"Михайло Довбенко","Блок Петра Порошенка",3030,11371,11746,27
6332,"Руслан Лук'янчук","Народний фронт",2396,10488,11746,23
6548,"Ігор Шурма","Опозиційний блок",6908,10706,11746,65
7175,"Леонід Козаченко","Блок Петра Порошенка",4067,10246,11746,40
7371,"Антон Кіссе","група ""Партія ""Відродження""",3699,9614,11783,38
7718,"Сергій Льовочкін","Опозиційний блок",456,3863,11746,12
7741,"Геннадій Чекіта","Блок Петра Порошенка",4116,9168,11746,45
8125,"Павло Пинзеник","Народний фронт",2090,11124,11746,19
8132,"Віктор Вовк","Радикальна партія Олега Ляшка",1212,9521,11746,13
8238,"Владислав Голуб","Позафракційні",3101,8897,11746,35
8473,"Андрій Шинькович","Блок Петра Порошенка",2918,11261,11746,26
8693,"Наталія Королевська","Опозиційний блок",1292,8527,11746,15
8696,"Сергій Пашинський","Народний фронт",2512,10980,11746,23
8715,"Віталій Чепинога","Блок Петра Порошенка",2666,3646,11746,73
8723,"Олексій Білий","Опозиційний блок",3647,9863,11746,37
8725,"Вячеслав Богуслаєв","група ""Воля народу""",380,905,11746,42
8737,"Олександр Вілкул","Опозиційний блок",1112,9582,11746,12
8741,"Юрій Воропаєв","Опозиційний блок",4517,8394,11746,54
8746,"Євгеній Гєллєр","група ""Партія ""Відродження""",559,5260,11783,11
8757,"Людмила Денісова","Народний фронт",1045,9541,11746,11
8771,"Володимир Зубик","група ""Партія ""Відродження""",994,10359,11783,10
8781,"Сергій Клюєв","Позафракційні",106,212,11746,50
8786,"Андрій Кожем'якін","ВО ""Батьківщина""",1820,5927,11746,31
8803,"Віталій Курило","Блок Петра Порошенка",2661,9973,11746,27
8815,"Андрій Лопушанський","Блок Петра Порошенка",3708,9470,11746,39
8818,"Олег Ляшко","Радикальна партія Олега Ляшка",545,10811,11746,5
8826,"Юрій Мірошниченко","Опозиційний блок",3942,9815,11746,40
8827,"Сергій Міщенко","Позафракційні",2857,6464,11746,44
8830,"Григорій Немиря","ВО ""Батьківщина""",1420,7098,11746,20
8832,"Юрій Одарченко","ВО ""Батьківщина""",1426,4405,6041,32
8838,"Валерій Писаренко","група ""Партія ""Відродження""",480,3170,11783,15
8885,"Дмитро Шенцев","Опозиційний блок",837,6652,11746,13
9123,"Іван Рибак","Блок Петра Порошенка",3127,11123,11746,28
9540,"Павло Унгурян","Народний фронт",1993,9301,11746,21
9684,"Ірина Фріз","Блок Петра Порошенка",2500,11113,11746,22
9776,"Віталій Барвіненко","група ""Партія ""Відродження""",1251,8346,11783,15
10096,"Роман Романюк","Блок Петра Порошенка",2795,10427,11746,27
10204,"Олексій Ленський","Радикальна партія Олега Ляшка",1962,10859,11746,18
11094,"Юрій Бойко","Опозиційний блок",1112,9379,11746,12
11096,"Дмитро Шпенов","Опозиційний блок",2802,9695,11746,29
11097,"Олександр Супруненко","група ""Воля народу""",3225,8756,11746,37
11098,"Дмитро Колєсніков","Опозиційний блок",3307,9987,11746,33
11102,"Юрій Мороко","Опозиційний блок",3213,8347,11746,38
11106,"Іван Мирний","Опозиційний блок",469,3333,11746,14
11109,"Юлія Льовочкіна","Опозиційний блок",845,7834,11746,11
11118,"Володимир Ар'єв","Блок Петра Порошенка",1484,8585,11746,17
11121,"Ірина Геращенко","Позафракційні",3919,9740,11746,40
11131,"Василь Петьовка","група ""Воля народу""",3128,7641,11746,41
11166,"Олена Кондратюк","ВО ""Батьківщина""",1567,8981,11722,17
11173,"Руслан Богдан","ВО ""Батьківщина""",1599,3891,6041,41
11342,"Олена Матузко","Блок Петра Порошенка",3272,11223,11746,29
11584,"Андрій Парубій","Позафракційні",4460,11733,11746,38
11596,"Світлана Войцеховська","Народний фронт",2019,9440,11746,21
11620,"Олександр Присяжнюк","Народний фронт",2400,8591,11746,28
11694,"Андрій Левус","Народний фронт",1568,9433,11746,17
11728,"Сергій Євтушок","ВО ""Батьківщина""",1594,10508,11746,15
11999,"Ірина Суслова","Блок Петра Порошенка",2554,8757,15771,29
12003,"Олег Медуниця","Народний фронт",1725,10856,11746,16
12265,"Сергій Власенко","ВО ""Батьківщина""",1153,5446,11746,21
12270,"Олександр Сочка","Народний фронт",985,10482,11746,9
12272,"Валерій Дубіль","ВО ""Батьківщина""",1060,5707,10059,19
12290,"Василь Амельченко","Радикальна партія Олега Ляшка",1409,9125,11746,15
12455,"Олексій Кириченко","Радикальна партія Олега Ляшка",1044,11098,11746,9
13379,"Наталія Новак","Блок Петра Порошенка",5225,10104,11746,52
13562,"Денис Омельянович","Опозиційний блок",520,1652,11746,31
13646,"Максим Курячий","Блок Петра Порошенка",2343,10757,11746,22
13694,"Андрій Кісельов","Опозиційний блок",1933,10085,11746,19
14393,"Станіслав Березкін","група ""Партія ""Відродження""",961,6312,11783,15
14674,"Ігор Гузь","Народний фронт",1234,10115,11746,12
15257,"Владислав Бухарєв","ВО ""Батьківщина""",996,5766,11746,17
15309,"Олександр Кодола","Народний фронт",858,10731,11746,8
15644,"Олександр Долженков","Опозиційний блок",3546,9523,11746,37
15645,"Микола Княжицький","Народний фронт",1834,10036,11746,18
15647,"Ірина Луценко","Блок Петра Порошенка",2467,9602,11480,26
15651,"Андрій Павелко","Блок Петра Порошенка",2218,9874,11746,22
15652,"Денис Дзензерський","Народний фронт",1235,2339,11746,53
15653,"Сергій Фаєрмарк","Народний фронт",2421,10539,11746,23
15654,"Андрій Іванчук","Народний фронт",3318,10525,11746,32
15655,"Максим Бурбак","Народний фронт",1685,11266,11746,15
15658,"Володимир Шкварилюк","Народний фронт",3141,11496,11746,27
15662,"Валерій Лунченко","Народний фронт",2766,10715,11746,26
15665,"Марія Матіос","Блок Петра Порошенка",2365,5694,11739,42
15667,"Оксана Продан","Блок Петра Порошенка",4428,9747,11746,45
15669,"Наталія Агафонова","Блок Петра Порошенка",4469,7955,11746,56
15670,"Артур Палатний","Блок Петра Порошенка",3609,11320,11746,32
15671,"Микола Паламарчук","Блок Петра Порошенка",3862,10747,11746,36
15672,"Марія Іонова","Блок Петра Порошенка",2314,10073,11746,23
15674,"Валерій Пацкан","Блок Петра Порошенка",2793,11362,11746,25
15676,"Геннадій Ткачук","Блок Петра Порошенка",3039,10253,11746,30
15680,"Ігор Побер","Блок Петра Порошенка",3018,11262,11722,27
15681,"Юрій Савчук","Народний фронт",1462,6184,11746,24
15684,"Ольга Бєлькова","Блок Петра Порошенка",3042,10254,11746,30
15685,"Валерій Іщенко","Блок Петра Порошенка",2939,10859,11746,27
15725,"Олександр Нечаєв","Опозиційний блок",2985,6424,11746,46
15727,"Олександр Домбровський","Блок Петра Порошенка",2471,10450,11746,24
15730,"Григорій Заболотний","Блок Петра Порошенка",2218,9997,11746,22
15732,"Сергій Мартиняк","група ""Воля народу""",1468,8479,11746,17
15733,"Степан Івахів","група ""Воля народу""",1145,9706,11746,12
15734,"Яків Безбах","Позафракційні",5717,9668,11746,59
15741,"Костянтин Павлов","Опозиційний блок",2746,9814,11746,28
15744,"Артур Мартовицький","Опозиційний блок",5733,10193,11746,56
15756,"Михайло Ланьо","група ""Партія ""Відродження""",1178,7089,11746,17
15757,"Павло Балога","Позафракційні",2744,5688,11746,48
15760,"Олександр Пономарьов","група ""Воля народу""",1931,9396,11746,21
15761,"Володимир Бандуров","група ""Воля народу""",2110,10607,11746,20
15762,"Євген Балицький","Опозиційний блок",1791,8959,11758,20
15767,"Анатолій Дирів","Народний фронт",2840,11372,11746,25
15768,"Юрій Дерев'янко","Позафракційні",3307,9780,11746,34
15769,"Руслан Сольвар","Блок Петра Порошенка",3951,9943,11746,40
15771,"Олександр Онищенко","Позафракційні",861,3144,11746,27
15773,"Ярослав Москаленко","група ""Воля народу""",1728,10711,11746,16
15774,"Павло Різаненко","Блок Петра Порошенка",3729,10813,11746,34
15780,"Сергій Дунаєв","Опозиційний блок",1431,5865,11746,24
15785,"Михайло Хміль","Народний фронт",1981,9856,11746,20
15787,"Ігор Васюник","Народний фронт",2918,11334,11746,26
15790,"Ярослав Дубневич","Блок Петра Порошенка",2379,10864,11746,22
15794,"Артем Ільюк","група ""Партія ""Відродження""",3150,8525,11783,37
15796,"Ігор Бриченко","Народний фронт",1918,11258,11746,17
15799,"Іван Фурсін","група ""Воля народу""",1247,8669,11746,14
15800,"Олександр Пресман","група ""Партія ""Відродження""",688,8431,11783,8
15801,"Сергій Каплін","Блок Петра Порошенка",3127,8496,11746,37
15802,"Юрій Бублик","Позафракційні",2835,8396,11746,34
15803,"Юрій Шаповалов","група ""Партія ""Відродження""",2294,9262,12860,25
15804,"Олег Кулініч","група ""Партія ""Відродження""",4172,7378,11783,57
15806,"Олег Осуховський","Позафракційні",3162,10298,11746,31
15807,"Юрій Вознюк","Народний фронт",1713,10250,11746,17
15810,"Ігор Молоток","група ""Воля народу""",2542,10258,11746,25
15813,"Михайло Головко","Позафракційні",3092,10642,11746,29
15814,"Володимир Мисик","група ""Партія ""Відродження""",1487,4471,11746,33
15815,"Анатолій Денисенко","Позафракційні",2257,5424,11746,42
15816,"Володимир Кацуба","група ""Партія ""Відродження""",970,9100,11831,11
15817,"Віктор Остапчук","група ""Партія ""Відродження""",5949,9686,11783,61
15818,"Дмитро Добкін","Опозиційний блок",863,6552,11746,13
15819,"Євгеній Мураєв","Позафракційні",697,2930,11746,24
15823,"Федір Негой","Блок Петра Порошенка",3486,9633,15222,36
15824,"Сергій Лабазюк","група ""Воля народу""",2258,10372,11746,22
15826,"Віктор Бондар","група ""Партія ""Відродження""",909,9291,11787,10
15827,"Олександр Герега","Позафракційні",3141,8842,11746,36
15828,"Володимир Мельниченко","Блок Петра Порошенка",2795,11565,11746,24
15829,"Геннадій Бобов","група ""Партія ""Відродження""",570,7045,11783,8
15830,"Валентин Ничипоренко","група ""Партія ""Відродження""",980,7663,11783,13
15831,"Микола Федорук","Народний фронт",2860,11405,11746,25
15836,"Віктор Чумак","Позафракційні",4166,9806,11746,42
15837,"Андрій Іллєнко","Позафракційні",2896,9659,11746,30
15838,"Олександр Бригинець","Блок Петра Порошенка",2234,7327,7386,30
15839,"Дмитро Андрієвський","Блок Петра Порошенка",2643,11333,11746,23
15840,"Сергій Куніцин","Блок Петра Порошенка",3207,10692,11722,30
15901,"Геннадій Кривошея","Народний фронт",2683,11193,11746,24
15916,"Андрій Лозовой","Радикальна партія Олега Ляшка",1316,7600,11746,17
15972,"Давид Макар'ян","Блок Петра Порошенка",3517,11164,11722,32
16067,"Ігор Алексєєв","Народний фронт",1518,11338,11746,13
16340,"Дмитро Білоцерковець","Блок Петра Порошенка",1866,7004,7386,27
16430,"Сергій Рудик","Блок Петра Порошенка",3030,9817,11739,31
16517,"Олег Мусій","Позафракційні",4221,10886,11746,39
16532,"Альона Шкрум","ВО ""Батьківщина""",2003,8202,11746,24
16618,"Микола Кадикало","Народний фронт",1540,10420,11746,15
16672,"Юрій Левченко","Позафракційні",3380,8538,11746,40
16698,"Олена Бойко","Народний фронт",2434,11569,11746,21
16716,"Ірина Єфремова","Народний фронт",1676,11090,11746,15
17108,"Вадим Новинський","Опозиційний блок",694,5428,11746,13
17413,"Олена Ледовських","Народний фронт",2668,11157,11746,24
17414,"Олена Колганова","Народний фронт",3440,10710,11746,32
17568,"Сергій Березенко","Блок Петра Порошенка",2479,8296,9357,30
17650,"Олександр Шевченко","Позафракційні",2987,10095,11746,30
17946,"Тетяна Чорновол","Народний фронт",2359,11059,11746,21
17947,"Андрій Тетерук","Народний фронт",1978,10704,11746,18
17948,"Вікторія Сюмар","Народний фронт",2405,10444,11746,23
17949,"Юрій Береза","Народний фронт",2728,10904,11746,25
17950,"Дмитро Тимчук","Народний фронт",1628,9834,11746,17
17952,"Антон Геращенко","Народний фронт",2800,9496,11746,29
17953,"Костянтин Матейченко","Народний фронт",2744,10285,11746,27
17954,"Вадим Сидорчук","Народний фронт",1319,10001,11746,13
17955,"Роман Заставний","Народний фронт",2178,10781,11746,20
17956,"Євген Дейдей","Народний фронт",1742,4786,11746,36
17957,"Олександр Ксенжук","Народний фронт",1530,8776,11746,17
17958,"Георгій Логвинський","Народний фронт",1763,7170,11746,25
17959,"Віктор Єленський","Народний фронт",1379,10631,11746,13
17960,"Максим Поляков","Народний фронт",2864,8573,11746,33
17961,"Микола Величкович","Народний фронт",2920,11614,11746,25
17962,"Олександр Горбунов","Народний фронт",1337,10972,11746,12
17963,"Сергій Висоцький","Народний фронт",950,8818,11746,11
17965,"Ігор Котвіцький","Народний фронт",3450,9174,11746,38
17966,"Олена Масоріна","Народний фронт",1339,10642,11746,13
17967,"Наталія Кацер-Бучковська","Народний фронт",2326,8822,11746,26
17968,"Володимир Соляр","Народний фронт",2293,10235,11746,22
17969,"Тарас Кремінь","Народний фронт",1562,11268,11746,14
17970,"Вадим Кривенко","Народний фронт",1148,11423,11746,10
17972,"Ольга Богомолець","Блок Петра Порошенка",2753,7841,11746,35
17974,"Юлій Мамчур","Блок Петра Порошенка",2621,10545,11746,25
17976,"Світлана Заліщук","Блок Петра Порошенка",3543,10701,11746,33
17977,"Сергій Лещенко","Блок Петра Порошенка",3668,10261,11746,36
17978,"Мустафа-Масі Найєм","Блок Петра Порошенка",3354,10385,11746,32
17979,"Олександр Черненко","Блок Петра Порошенка",2133,10936,11746,20
17980,"Ніна Южаніна","Блок Петра Порошенка",2164,10137,11746,21
17981,"Ігор Кононенко","Блок Петра Порошенка",2644,9713,11746,27
17982,"Богдан Онуфрик","Блок Петра Порошенка",2399,10785,11746,22
17983,"Андрій Антонищак","Блок Петра Порошенка",3113,8372,11746,37
17984,"Олексій Гончаренко","Блок Петра Порошенка",2450,10481,11746,23
17985,"Артур Герасимов","Блок Петра Порошенка",2269,10294,11746,22
17986,"Вадим Денисенко","Блок Петра Порошенка",2393,10804,11746,22
17987,"Сергій Тригубенко","Блок Петра Порошенка",3857,8322,11746,46
17989,"Ольга Червакова","Блок Петра Порошенка",2362,11247,11746,21
17990,"Михайло Кобцев","Блок Петра Порошенка",2804,9779,11746,29
17991,"Гліб Загорій","Блок Петра Порошенка",3638,10142,11746,36
17993,"Сергій Алєксєєв","Блок Петра Порошенка",2573,11267,11746,23
17994,"Олександр Бакуменко","Блок Петра Порошенка",3111,11500,11746,27
17995,"Олександр Грановський","Блок Петра Порошенка",3184,7925,11746,40
17996,"Олексій Мушак","Блок Петра Порошенка",2913,10248,11746,28
17998,"Василь Брензович","Блок Петра Порошенка",3619,8762,11746,41
17999,"Сергій Кудлаєнко","Блок Петра Порошенка",1813,9860,11746,18
18002,"Ганна Гопко","Позафракційні",2673,10225,11746,26
18003,"Семен Семенченко","Об’єднання ""Самопоміч""",1367,4738,11746,29
18004,"Олексій Скрипник","Об’єднання ""Самопоміч""",3060,9734,11746,31
18005,"Віктор Кривенко","Блок Петра Порошенка",2358,9647,13853,24
18006,"Павло Кишкар","Блок Петра Порошенка",3205,10483,13853,31
18007,"Альона Бабак","Об’єднання ""Самопоміч""",1458,9054,11746,16
18008,"Наталія Веселова","Позафракційні",1997,9918,11746,20
18009,"Олександр Данченко","Об’єднання ""Самопоміч""",1666,9116,11746,18
18010,"Олена Сотник","Об’єднання ""Самопоміч""",1601,8603,11746,19
18011,"Олег Лаврик","Об’єднання ""Самопоміч""",1607,9893,11746,16
18012,"Єгор Соболєв","Об’єднання ""Самопоміч""",2275,11256,11746,20
18013,"Ярослав Маркевич","Об’єднання ""Самопоміч""",1710,10552,11746,16
18014,"Іван Мірошніченко","Об’єднання ""Самопоміч""",1724,9857,11746,17
18015,"Андрій Журжій","Об’єднання ""Самопоміч""",3540,9733,11746,36
18016,"Остап Єднак","Позафракційні",3073,11237,11746,27
18017,"Ігор Діденко","Об’єднання ""Самопоміч""",2384,9679,11746,25
18018,"Тетяна Острікова","Об’єднання ""Самопоміч""",3384,9935,11746,34
18019,"Олександр Опанасенко","Об’єднання ""Самопоміч""",1744,11102,11746,16
18020,"Руслан Сидорович","Об’єднання ""Самопоміч""",2937,10422,11746,28
18021,"Вікторія Войціцька","Об’єднання ""Самопоміч""",2272,9416,11746,24
18022,"Вікторія Пташник","Позафракційні",3760,10196,11746,37
18024,"Ірина Сисоєнко","Об’єднання ""Самопоміч""",2109,8636,11746,24
18025,"Лев Підлісецький","Об’єднання ""Самопоміч""",1508,10624,11746,14
18026,"Роман Семенуха","Об’єднання ""Самопоміч""",1178,10824,11746,11
18027,"Олег Березюк","Об’єднання ""Самопоміч""",1855,10581,11746,18
18028,"Павло Костенко","Об’єднання ""Самопоміч""",1028,6304,11746,16
18029,"Анна Романова","Об’єднання ""Самопоміч""",2002,10152,11746,20
18031,"Сергій Кіраль","Об’єднання ""Самопоміч""",1060,8038,11746,13
18032,"Вадим Рабінович","Опозиційний блок",397,2923,11746,14
18033,"Микола Скорик","Опозиційний блок",1191,3621,11746,33
18034,"Тарас Козак","Опозиційний блок",1898,9989,11746,19
18036,"Володимир Гусак","Опозиційний блок",2589,9601,11746,27
18037,"Василь Німченко","Опозиційний блок",2959,10185,11746,29
18039,"Сергій Мельничук","Позафракційні",3404,7565,11816,45
18041,"Юрій-Богдан Шухевич","Радикальна партія Олега Ляшка",1611,6590,11746,24
18042,"Ігор Попов","Радикальна партія Олега Ляшка",552,9230,11746,6
18043,"Артем Вітко","Позафракційні",3413,10651,11746,32
18045,"Ігор Мосійчук","Радикальна партія Олега Ляшка",1189,8300,11746,14
18046,"Віктор Галасюк","Радикальна партія Олега Ляшка",1090,9931,11746,11
18047,"Денис Силантьєв","Радикальна партія Олега Ляшка",769,11100,11746,7
18048,"Альона Кошелєва","Радикальна партія Олега Ляшка",496,10371,11746,5
18050,"Олег Купрієнко","Радикальна партія Олега Ляшка",1039,9882,11746,11
18051,"Сергій Скуратовський","Радикальна партія Олега Ляшка",1159,8942,11746,13
18052,"Дмитро Лінько","Радикальна партія Олега Ляшка",908,10300,11746,9
18053,"Сергій Рибалка","Радикальна партія Олега Ляшка",1089,8991,11746,12
18054,"Ігор Луценко","ВО ""Батьківщина""",1436,6243,11746,23
18055,"Вадим Івченко","ВО ""Батьківщина""",1563,9540,11746,16
18056,"Олексій Рябчин","ВО ""Батьківщина""",1666,9191,11746,18
18058,"Володимир Арешонков","Блок Петра Порошенка",2492,11507,11746,22
18059,"Ігор Артюшенко","Блок Петра Порошенка",2384,11607,11746,21
18060,"Євген Бакулін","Опозиційний блок",382,2262,11746,17
18061,"Іван Балога","Позафракційні",2835,6554,11746,43
18062,"Олег Барна","Блок Петра Порошенка",2859,11427,12379,25
18063,"Тарас Батенко","Позафракційні",2475,8652,11746,29
18064,"Борислав Береза","Позафракційні",2822,5844,11746,48
18065,"Андрій Білецький","Позафракційні",165,398,11746,41
18066,"Михайло Бондар","Народний фронт",3192,11571,11746,28
18067,"Андрій Вадатурський","Блок Петра Порошенка",3664,10958,11746,33
18068,"Сергій Валентиров","Блок Петра Порошенка",2343,10521,11746,22
18069,"Іван Вінник","Блок Петра Порошенка",2446,10525,11746,23
18070,"Михайло Гаврилюк","Народний фронт",782,11037,11746,7
18071,"Андрій Гальченко","Опозиційний блок",4774,10053,11746,47
18074,"Дмитро Голубов","Блок Петра Порошенка",4475,9137,11746,49
18075,"Роберт Горват","Блок Петра Порошенка",2241,11133,11746,20
18077,"Віталій Гудзенко","Блок Петра Порошенка",4185,10557,11746,40
18078,"Василь Гуляєв","група ""Партія ""Відродження""",6232,9895,11783,63
18079,"Валерій Давиденко","Блок Петра Порошенка",3893,10312,11746,38
18080,"Руслан Демчак","Блок Петра Порошенка",3319,11297,11746,29
18081,"Андрій Денисенко","Позафракційні",1809,4243,11746,43
18082,"Павло Дзюблик","Народний фронт",1500,10949,11746,14
18083,"Валентин Дідич","Позафракційні",3048,9368,11746,33
18084,"Олег Дмитренко","Блок Петра Порошенка",3642,11507,11746,32
18085,"Дмитро Добродомов","Позафракційні",3489,10088,11746,35
18086,"Олесь Довгий","група ""Воля народу""",1644,7448,11746,22
18087,"Олександр Дубінін","Позафракційні",2756,7646,11746,36
18088,"Богдан Дубневич","Блок Петра Порошенка",2544,10405,11746,24
18089,"Анатолій Євлахов","Блок Петра Порошенка",2802,10273,11746,27
18090,"Максим Єфімов","Блок Петра Порошенка",2725,9545,11746,29
18091,"Олександр Жолобецький","Блок Петра Порошенка",3188,10773,11746,30
18092,"Костянтин Іщейкін","Блок Петра Порошенка",2288,11467,11746,20
18093,"Олександр Кірш","Народний фронт",1456,11320,11746,13
18094,"Андрій Кіт","Блок Петра Порошенка",3136,10193,11746,31
18095,"Борис Козир","Блок Петра Порошенка",2751,11145,11746,25
18096,"Вячеслав Константіновський","Позафракційні",2251,6269,11746,36
18097,"Аркадій Корнацький","Блок Петра Порошенка",4496,8693,11746,52
18107,"Вадим Кривохатько","Блок Петра Порошенка",2449,5468,11746,45
18108,"Олег Кришин","Народний фронт",2558,10009,11746,26
18109,"Анатолій Кузьменко","Блок Петра Порошенка",2914,9638,11746,30
18110,"Іван Куліченко","Блок Петра Порошенка",2572,10657,11746,24
18111,"Віталій Купрій","Позафракційні",3369,8147,11746,41
18112,"Микола Кучер","Блок Петра Порошенка",3025,11285,11746,27
18113,"Микола Лаврик","Блок Петра Порошенка",2214,11351,11746,20
18114,"Ігор Лапін","Народний фронт",1589,10228,11746,16
18115,"Олександр Лівік","Блок Петра Порошенка",3374,11061,11746,31
18116,"Дмитро Лубінець","Блок Петра Порошенка",2629,10924,11746,24
18117,"Микола Люшняк","Блок Петра Порошенка",2673,11302,11746,24
18118,"Олександр Марченко","Позафракційні",3332,9485,11746,35
18119,"Богдан Матківський","Блок Петра Порошенка",3777,10523,11746,36
18120,"Роман Мацола","Блок Петра Порошенка",2827,11158,11746,25
18121,"Іван Мельничук","Блок Петра Порошенка",2386,11673,11746,20
18122,"Олег Недава","Блок Петра Порошенка",2124,9319,11746,23
18123,"Вадим Нестеренко","Блок Петра Порошенка",2068,4365,11746,47
18124,"Володимир Парасюк","Позафракційні",1120,3970,11746,28
18125,"Тарас Пастух","Об’єднання ""Самопоміч""",1190,9815,11746,12
18126,"Олег Петренко","Позафракційні",2347,9332,11746,25
18127,"Ірина Подоляк","Об’єднання ""Самопоміч""",2228,10567,11746,21
18128,"Олексій Порошенко","Блок Петра Порошенка",2211,11063,11746,20
18129,"Андрій Река","Народний фронт",2156,11275,11746,19
18130,"Євген Рибчинський","група ""Воля народу""",3180,9320,11784,34
18131,"Борислав Розенблат","Позафракційні",2091,11444,11746,18
18132,"Віктор Романюк","Народний фронт",2429,9887,11746,25
18133,"Сергій Сажко","Опозиційний блок",5076,10274,11746,49
18134,"Юрій Соловей","Блок Петра Порошенка",3741,11048,11746,34
18135,"Юрій Солод","Опозиційний блок",1046,8340,11746,13
18136,"Олександр Співаковський","Блок Петра Порошенка",2847,11438,11746,25
18137,"Іван Спориш","Блок Петра Порошенка",3039,11736,11746,26
18138,"Віталій Сташук","Народний фронт",3326,11334,11746,29
18139,"Олександр Сугоняко","Блок Петра Порошенка",3044,10500,11746,29
18140,"Сергій Тарута","Позафракційні",3238,7538,11746,43
18141,"Юрій Тимошенко","Народний фронт",2741,10294,11746,27
18142,"Григорій Тіміш","Блок Петра Порошенка",2580,11459,11746,23
18143,"Олександр Урбанський","Блок Петра Порошенка",2600,10377,11746,25
18144,"Костянтин Усов","Блок Петра Порошенка",3063,7273,11746,42
18146,"Микола Фролов","Блок Петра Порошенка",2634,10742,11746,25
18147,"Сергій Хлань","Блок Петра Порошенка",3399,11280,11746,30
18148,"Тарас Юрик","Блок Петра Порошенка",2739,11573,11746,24
18149,"Оксана Юринець","Блок Петра Порошенка",3200,9785,11746,33
18150,"Петро Юрчишин","Блок Петра Порошенка",3653,11604,11746,31
18151,"Василь Яніцький","Блок Петра Порошенка",3066,11241,11746,27
18152,"Костянтин Яриніч","Блок Петра Порошенка",3021,9490,11746,32
18153,"Дмитро Ярош","Позафракційні",164,357,11746,46
18161,"Сергій Мельник","Блок Петра Порошенка",2879,11701,11746,25
18163,"Юрій Македон","Блок Петра Порошенка",2816,11296,11746,25
18164,"Андрій Помазанов","Народний фронт",3048,11218,11746,27
18165,"Оксана Корчинська","Радикальна партія Олега Ляшка",2007,8274,11746,24
18166,"Надія Савченко","Позафракційні",1075,3612,11746,30
18167,"Віталій Корчик","Народний фронт",2426,11436,11746,21
18218,"Юрій Чижмарь","Радикальна партія Олега Ляшка",1329,8924,11722,15
18220,"Дмитро Стеценко","Народний фронт",2028,10882,11722,19
18221,"Сергій Драюк","Народний фронт",2354,11516,11722,20
18222,"Олександр Дроздик","Народний фронт",2150,10893,11722,20
18245,"Олександр Романовський","Народний фронт",2168,10504,11718,21
18414,"Олександр Ревега","Блок Петра Порошенка",2033,11009,11699,18
18604,"Юрій Бабій","Народний фронт",2516,10634,11480,24
18605,"Ярослав Лесюк","Блок Петра Порошенка",3061,10816,11480,28
19058,"Андрій Немировський","Блок Петра Порошенка",2665,9524,10437,28
19126,"Любомир Зубач","Позафракційні",1423,8255,21809,17
19404,"Григорій Шверк","Блок Петра Порошенка",3092,9012,9175,34
19405,"Владислав Севрюков","Блок Петра Порошенка",1680,9011,9175,19
19550,"Федір Бендюженко","Народний фронт",1170,4076,4258,29
19622,"Вадим Підберезняк","Народний фронт",964,7456,8060,13
19623,"Тетяна Юзькова","Радикальна партія Олега Ляшка",833,7761,8060,11
19740,"Хвича Мепарішвілі","Народний фронт",1120,6465,6882,17
19857,"Олег Велікін","Блок Петра Порошенка",1942,6622,6882,29
19858,"Максим Саврасов","Блок Петра Порошенка",757,6577,6882,12
19859,"Ярослав Єдаков","Народний фронт",1350,6082,6882,22
20103,"Ірина Констанкевич","Позафракційні",1814,5426,6041,33
20104,"Віктор Шевченко","Позафракційні",1611,5706,6041,28
20105,"Тетяна Ричкова","Блок Петра Порошенка",1039,5754,6041,18
20106,"Сергій Шахов","група ""Воля народу""",1351,5613,6041,24
20107,"Максим Микитась","група ""Воля народу""",771,3874,6041,20
20121,"Владислав Данілін","Народний фронт",1210,5790,5903,21
20287,"Юрій Буглак","Блок Петра Порошенка",1057,3996,4069,26
20536,"Валерія Заружко","Позафракційні",101,264,350,38
